Name,Price
Wheelhouse,$$
Tenoch Mexican,$
O Ya,$$$$
Locale,$$
Neptune Oyster,$$$
KO Pies At the Shipyard,$$
Piperi Mediterranean Grill,$
Barcelona Wine Bar South End,$$
Galleria Umberto,$
Casa Razdora,$
Mike & Patty's - Boston,$$
Giacomo's Ristorante - Boston,$$
Row 34,$$$
PRESSED,$$
Boston Indian Kitchen,$
Saus,$$
The Tap Trailhouse,$$
The Daily Catch,$$$
Koy,$$
Jm Curley,$$
The Coffee Trike,$$
Polcari's Coffee,$$
DavidsTea,$$
Boston Brewin Coffee,$
The Well Coffee House,$
Barrington Coffee Roasting Company,$
My Cousin's Place,$
Render Coffee,$
Blunch,$$
PS Gourmet Coffee,$
The Five Seventy Market,$$
Cuppacoffee,$
Barrington Coffee Roasting Company,$$
Another Cup,$
Flour Bakery + Cafe,$$
Olga's Kafe,$
Thinking Cup,$$
Blue State Coffee,$$
Asta,$$$$
The Glenville Stops,$$
Courtyard Tea Room,$$$
Row 34,$$$
Deuxave,$$$
Corner Tavern,$$
Jm Curley,$$
Eastern Standard Kitchen & Drinks,$$$
Drink,$$$
Bostonia Public House,$$
Five Horses Tavern,$$
Ward 8,$$
Lincoln Tavern and Restaurant,$$
The Salty Pig,$$
Sister Sorel,$$
Trophy Room,$$
Sam's,$$
Kitchen,$$$
The Gallows,$$
Cafe Madeleine,$$
Menton,$$$$
Sycamore,$$$
Navy Yard Bistro,$$
Craigie On Main,$$$$
Lumiere Restaurant,$$$
Mistral,$$$$
Patisserie on Newbury,$
No. 9 Park,$$$$
T.W. Food,$$$
West Bridge,$$$
Troquet,$$$$
La Voile,$$$
Bondir Cambridge,$$$$
Bistro du Midi,$$$
Clio,$$$$
Spot Cafe,$
Marliave,$$$
Roy's Cold Cuts,$
Cafe Gigu,$$
Wheelhouse,$$
Grass Roots Cafe,$
North End Fish Market,$$
Sam LaGrassa's,$$
Mulligans,$
Galleria Umberto,$
Oliver's Street Cafe,$
Banh Mi House,$
Pauli's,$$
The Five Seventy Market,$$
Mike & Patty's - Boston,$$
Al's State Street Cafe,$
Flour Bakery + Cafe,$$
Al's South Street Cafe,$
Rondo's Sub Shop,$
Back Bay Sandwich,$
Billy's Sub Shop,$
Roast Beast,$
Cafe Gigu,$$
Ogawa Coffee,$
The Well Coffee House,$
Boston News Cafe,$
My Cousin's Place,$
Render Coffee,$
Capital One Café,$
Cafe Hemshin,$
Bee's Knees Supply Company,$$$
Capital One Café,$
Borinquen Restaurant & Cafe,$
Blue State Coffee,$
Pret A Manger,$$
Flat Black Coffee Company,$
Berkeley Perk Cafe,$
Cafe Pulse,$
Stella,$$$
Ashburton Cafe,$
Zaika Taste of India,$
Punjab Cafe,$$
Guru The Caterer,$
Tikki Masala,$$
Madras Masala,$$
Punjab Palace,$$
Boston Indian Kitchen,$
Mehak,$$
Shan-A-Punjab,$$
Shanti Indian Cuisine,$$
Dosa n Curry,$$
Masala,$$
The Kebab Factory,$$
Cafe Mamtaz,$$
JMP Fine Indian Cuisine,$
Punjabi Dhaba,$$
Darbar,$$
The Maharaja,$$
Chutney's,$
Chutney's,$
North End Fish Market,$$
Avana Sushi,$
Oppa Sushi,$$
Swish Shabu,$$
Sushi Station,$$
Irashai Sushi and Teriyaki,$$
Oishii Boston,$$$
Izakaya Ittoku,$$
Hillstone Restaurant,$$$
Genki Ya - Boston,$$
Q Restaurant,$$$
Fin's Sushi and Grill,$$
Seoul - Boston,$$
Douzo,$$$
Sushi Time,$
T Sushi Wraps & Noodles,$
Zen Japanese Grill & Sushi Bar,$$
Seiyo,$$
UNI,$$$$
Red Lantern,$$$
O Ya,$$$$
Avana Sushi,$
Sakanaya Boston,$$
Shabu-Zen,$$
Oppa Sushi,$$
Swish Shabu,$$
Sushi Station,$$
Kaze Shabu Shabu,$$
Irashai Sushi and Teriyaki,$$
Oishii Boston,$$$
Cafe Orient Heights,$
Izakaya Ittoku,$$
Pikaichi,$
Genki Ya - Boston,$$
Fin's Sushi and Grill,$$
Seoul - Boston,$$
Douzo,$$$
Zen Japanese Grill & Sushi Bar,$$
Seiyo,$$
Ichiban Yakitori Sushi House,$$
Egg Puffs,$
Shabu-Zen,$$
Shojo,$$
Hot Eastern,$$
Wai Wai Restaurant,$
Little Asia Restaurant,$$
New Dong Khanh,$
68 Chinese,$
Q Restaurant,$$$
Dim Sum Chef,$
Chinatown Cafe,$$
BLR By Shojo,$$
Hong Kong Eatery,$$
China Station,$$
Gene's Chinese Flatbread Cafe,$
Jumbo Seafood Restaurant,$$
Gourmet Dumpling House,$$
Tenoch Mexican,$
Mi Pueblito Restaurant,$$
Taqueria Jalisco,$$
Sabroso Taqueria,$
Taco Party,$
Cha Cha Cha Taqueria,$
Angela's Cafe - Eagle Hill,$$
Pedro's Tacos,$
La Cancun,$$
Boloco Atlantic Wharf,$
Loco Taqueria & Oyster Bar,$$
Lolita Cocina & Tequila Bar,$$
Boloco Copley Square,$
Rosticeria Cancun 2,$
Boloco,$
Viva Burrito,$
Maria's Taqueria,$
El Triunfo,$
Masa,$$
Cha Yen Thai Cookery,$$
Maekha Thai,$$
Fusion Bistro,$$
Siam Ginger,$$
S & I Thai,$$
Rod Thai Family Taste,$$
Pho Basil,$$
Rod Dee,$
Brown Sugar Cafe,$$
Dok Bua Thai Kitchen,$$
Lemon Thai Cuisine,$$
Beantown Pho & Grill,$$
The Similans,$$
Pad Thai Cafe,$
My Thai Vegan Cafe,$$
Lanta Asian Cuisine,$
Thaitation,$$
Nud Pob Thai Cuisine,$$
Thai Hut,$
Tom Yum Koong,$$
Milano's Delicatessen,$
Stoked Wood Fired Pizza,$
Locale,$$
Galleria Umberto,$
Mirisola's,$
Casa Razdora,$
Regina Pizza,$$
Italian Express Pizzeria,$$
Picco Pizza & Ice Cream,$$
Ecco Pizzeria,$$
OTTO,$$
Santarpio's Pizza,$$
Regina Pizzeria,$
Ernesto's,$
Crush Pizza,$$
The Salty Pig,$$
DaCoopas Pizza and Subs,$
Figs by Todd English,$$
Figs by Todd English,$$
Boston Kitchen Pizza,$
Donut King,$
Kane's Donuts - Lincoln Avenue,$
Linda’s Donuts,$
Daddy's Fried Dough,$
Union Square Donuts,$$
Demet's Donuts,$
Ohlin's Bakery,$
Donut Villa Diner,$
Verna's Coffee & Donut Shop,$
Twin Donuts,$
Doughboy Donuts & Deli,$
Donuts With A Difference,$
Donut 'N' Donuts,$
Dunkin',$
Mike's Donuts,$
Dunkin',$
Blackbird Doughnuts - South End,$$
Dunkin' Donuts,$
Dunkin',$
Mike's Donuts,$
Bricco Panetteria,$
Parziale's Bakery,$
Maria's Pastry Shop,$
Cafe Madeleine,$$
Cookie Monstah - Food Truck,$
BONAPITA,$
Flour Bakery + Cafe,$$
Gondres Bakery,$
Eldo Cake House,$
Sweet Tooth,$$
Borinquen Restaurant & Cafe,$
Mike's Pastry,$$
Modern Pastry Shop,$$
Quinzani's Bakery,$
Georgetown Cupcake,$$
Mei Sum,$
Yada Yada,$
Locale,$$
Casa Razdora,$
Giacomo's Ristorante - Boston,$$
Italian Express Pizzeria,$$
Picco Pizza & Ice Cream,$$
Toscano Restaurant,$$$
Mario's Restaurant,$$
Mamma Maria,$$$
The Daily Catch,$$$
Grotto,$$$
Anchovies,$$
Coppa Enoteca,$$$
Anthony's Cafe,$
Limoncello Ristorante,$$
Sportello,$$$
Pizzeria Rustico,$
Al Dente Restaurant,$$
Banh Mi Ngon,$
Banh Mi House,$
New Saigon,$
Fusion Bistro,$$
Saigon Hut,$
Pho Viet's,$$
Bon Me,$$
Pho Basil,$$
Banh Mi Ba Le,$
New Dong Khanh,$
Bon Me - One Kendall Square,$
Kien Giang Restaurant,$$
Beantown Pho & Grill,$$
Pho 2000,$
Pho So 1 Boston,$
New Saigon Sandwich,$
Le's Vietnamese Resturant,$$
Bon Me,$$
Bon Me,$
Anh Hong,$$
Sophia's Greek Pantry,$$
Bella Ravioli,$
Greek International Food Market,$$
Armenian Market & Bakery,$
Bazaar On Cambridge,$$
Reliable Market,$$
Euromart,$$
Lucky Shamrock,$$
Tapatio Mexican Grill,$
Arax Market,$$
Baltic Deli & Cafe,$
Eastern Lamejun Bakers,$
Lithuanian Kitchen,$
Saté Asian Grill,$
El Madina,$
The Shops at Porter,$
Bazaar International Gourmet,$
C Mart Supermarket,$
Bonne Chance Cafe,$
